"Name","Team","G","playerid"
"Josh Lowe","TBR","2","19953"
"Mario Feliciano","MIL","1","20263"
"Jakson Reetz","WSN","2","17837"
"Ali Sanchez","STL","2","18551"
"Seth Beer","ARI","5","20493"
"Trayce Thompson","CHC","15","9952"
"Tyler Nevin","BAL","6","17893"
"Mike Trout","LAA","36","10155"
"Bryce Harper","PHI","141","11579"
"Chris Owings","COL","21","10030"
"Nick Fortes","MIA","14","21538"
"Estevan Florial","NYY","11","19151"
"Juan Soto","WSN","151","20123"
"Vladimir Guerrero Jr.","TOR","161","19611"
"Byron Buxton","MIN","61","14161"
"Oneil Cruz","PIT","2","21711"
"Luis Gonzalez","CHW","6","20332"
"Ronald Acuna Jr.","ATL","82","18401"
"Taylor Davis","PIT","2","12782"
"Brandon Belt","SFG","97","10264"
"Jesse Winker","CIN","110","13590"
"Frank Schwindel","- - -","64","15351"
"Fernando Tatis Jr.","SDP","130","19709"
"Yasmani Grandal","CHW","93","11368"
"Jose Siri","HOU","21","17452"
"Luis Robert","CHW","68","20043"
"Shohei Ohtani","LAA","158","19755"
"Ivan Castillo","SDP","3","15971"
"Kyle Schwarber","- - -","113","16478"
"Joey Votto","CIN","129","4314"
"Nick Castellanos","CIN","138","11737"
"Corey Seager","LAD","95","13624"
"Aaron Judge","NYY","148","15640"
"Andy Burns","LAD","9","12779"
"Trea Turner","- - -","148","16252"
"Bryan Reynolds","PIT","159","19326"
"Ketel Marte","ARI","90","13613"
"Darin Ruf","SFG","117","9929"
"John Hicks","TEX","10","12547"
"Tyler O'Neill","STL","138","15711"
"C.J. Cron","COL","142","12546"
"Kyle Tucker","HOU","140","18345"
"George Springer","TOR","78","12856"
"Austin Riley","ATL","160","18360"
"Freddie Freeman","ATL","159","5361"
"Buster Posey","SFG","113","9166"
"Max Muncy","LAD","144","13301"
"Matt Olson","OAK","156","14344"
"Brandon Crawford","SFG","138","5343"
"Connor Wong","BOS","6","19896"
"Greg Allen","NYY","15","16623"
"A.J. Pollock","LAD","117","9256"
"Paul Goldschmidt","STL","158","9218"
"Patrick Kivlehan","SDP","5","13910"
"Rafael Devers","BOS","156","17350"
"Jose Ramirez","CLE","152","13510"
"Cedric Mullins II","BAL","159","17929"
"Mitch Garver","MIN","68","15161"
"Giancarlo Stanton","NYY","139","4949"
"Yordan Alvarez","HOU","144","19556"
"Brandon Nimmo","NYM","92","12927"
"Teoscar Hernandez","TOR","143","13066"
"Xander Bogaerts","BOS","144","12161"
"Marcus Semien","TOR","162","12533"
"Garrett Cooper","MIA","71","15279"
"Connor Joe","COL","63","16572"
"Mookie Betts","LAD","122","13611"
"Rhys Hoskins","PHI","107","16472"
"Starling Marte","- - -","120","9241"
"J.D. Martinez","BOS","148","6184"
"Will Smith","LAD","130","19197"
"Carlos Correa","HOU","148","14162"
"Brandon Lowe","TBR","149","18882"
"Yuli Gurriel","HOU","143","19198"
"Jonathan India","CIN","150","21523"
"Pete Alonso","NYM","152","19251"
"Austin Allen","OAK","4","18083"
"Salvador Perez","KCR","161","7304"
"Mike Zunino","TBR","109","13265"
"Justin Turner","LAD","151","5235"
"Luke Maile","MIL","15","13355"
"J.D. Davis","NYM","73","16219"
"Jared Walsh","LAA","144","18607"
"Jose Altuve","HOU","146","5417"
"Kris Bryant","- - -","144","15429"
"Matt Vierling","PHI","34","21558"
"Rafael Ortega","CHC","103","10323"
"Adam Engel","CHW","39","15082"
"Franmil Reyes","CLE","115","14566"
"Jose Abreu","CHW","152","15676"
"Bo Bichette","TOR","159","19612"
"Ty France","SEA","152","17982"
"Alfonso Rivas","CHC","18","21560"
"Josh Donaldson","MIN","135","5038"
"Delino DeShields","CIN","25","11379"
"Evan Longoria","SFG","81","9368"
"Gavin Sheets","CHW","54","19901"
"Josh Bell","WSN","144","13145"
"Tony Kemp","OAK","131","14894"
"Jonathan Lucroy","- - -","7","7870"
"Alex De Goti","HOU","2","19477"
"Manny Machado","SDP","153","11493"
"Randy Arozarena","TBR","141","19290"
"Willy Adames","- - -","140","15986"
"Jorge Polanco","MIN","152","13152"
"Joey Gallo","- - -","153","14128"
"Wander Franco","TBR","70","23667"
"Yoan Moncada","CHW","144","17232"
"Jason Castro","HOU","66","8722"
"Michael Brantley","HOU","121","4106"
"Patrick Wisdom","CHC","106","13602"
"Nelson Cruz","- - -","140","2434"
"Tyler Stephenson","CIN","132","17988"
"Thairo Estrada","SFG","52","16426"
"Avisail Garcia","MIL","135","5760"
"Tyler Naquin","CIN","127","13359"
"Tim Anderson","CHW","123","15172"
"Jeimer Candelario","DET","149","13621"
"Jake Burger","CHW","15","22275"
"Javier Baez","- - -","138","12979"
"Hunter Renfroe","BOS","144","15464"
"Santiago Espinal","TOR","92","19997"
"LaMonte Wade Jr.","SFG","109","18126"
"Brendan Rodgers","COL","102","17907"
"Trevor Story","COL","142","12564"
"Jake Cronenworth","SDP","152","18036"
"Ramon Urias","BAL","85","18795"
"Adam Frazier","- - -","155","15223"
"Luis Urias","MIL","150","16622"
"Mitch Haniger","SEA","157","14274"
"Matt Beaty","LAD","120","17710"
"Jesus Sanchez","MIA","64","19913"
"Bryan De La Cruz","MIA","58","19600"
"Anthony Rizzo","- - -","141","3473"
"Jake Rogers","DET","38","19452"
"Chris Taylor","LAD","148","13757"
"T.J. Friedl","CIN","14","19522"
"Enrique Hernandez","BOS","134","10472"
"Jean Segura","PHI","131","5933"
"Robbie Grossman","DET","156","5254"
"Jordan Luplow","- - -","62","16424"
"Wilmer Flores","SFG","139","5827"
"Willson Contreras","CHC","128","11609"
"Nathaniel Lowe","TEX","157","19566"
"Kolten Wong","MIL","116","12532"
"Robinson Chirinos","CHC","45","3142"
"Nolan Arenado","STL","157","9777"
"Ozzie Albies","ATL","156","16556"
"Dylan Carlson","STL","149","20126"
"J.T. Realmuto","PHI","134","11739"
"Alex Bregman","HOU","91","17678"
"Dustin Garneau","DET","20","9433"
"Nick Madrigal","CHW","54","20521"
"Ryan Mountcastle","BAL","144","18373"
"Andrew McCutchen","PHI","144","9847"
"Eduardo Escobar","- - -","146","6153"
"Ji-Man Choi","TBR","83","5452"
"Ryan McMahon","COL","151","15112"
"Alex Verdugo","BOS","146","17027"
"Bobby Dalbec","BOS","133","19966"
"Jesus Aguilar","MIA","131","11342"
"Brandon Drury","NYM","51","11615"
"Taylor Ward","LAA","65","17548"
"Mark Canha","OAK","141","11445"
"Lourdes Gurriel Jr.","TOR","141","19238"
"Kyle Isbel","KCR","28","21614"
"Tres Barrera","WSN","30","19977"
"Charlie Blackmon","COL","150","7859"
"Tyrone Taylor","MIL","93","13675"
"Riley Adams","- - -","47","19864"
"Christian Arroyo","BOS","57","16434"
"Luke Voit","NYY","68","14811"
"Andy Young","ARI","58","19521"
"Miguel Sano","MIN","135","12164"
"Brad Miller","PHI","140","12775"
"Geraldo Perdomo","ARI","11","22799"
"Harrison Bader","STL","103","18030"
"Wil Myers","SDP","146","10047"
"Alejandro Kirk","TOR","60","22581"
"Elias Diaz","COL","106","11680"
"Nico Hoerner","CHC","44","21479"
"Max Schrock","CIN","53","17750"
"Danny Jansen","TOR","70","16535"
"Akil Baddoo","DET","124","22168"
"Nicky Lopez","KCR","151","19339"
"Carson Kelly","ARI","98","13620"
"Jake Meyers","HOU","49","20308"
"Austin Hays","BAL","131","19363"
"Ryan LaMarre","NYY","9","10700"
"Ian Happ","CHC","148","17919"
"Andrew Benintendi","KCR","134","17901"
"Lane Thomas","- - -","77","16939"
"Ramon Laureano","OAK","88","17128"
"Steven Duggar","SFG","107","17719"
"Austin Meadows","TBR","142","15672"
"Josh Rojas","ARI","139","19734"
"Matt Duffy","CHC","97","13836"
"Max Stassi","LAA","87","10059"
"Chas McCormick","HOU","108","19599"
"Trey Mancini","BAL","147","15149"
"Mike Yastrzemski","SFG","139","14854"
"Kevin Plawecki","BOS","64","13807"
"Andy Ibanez","TEX","76","18819"
"Yandy Diaz","TBR","134","16578"
"Christian Yelich","MIL","117","11477"
"Keibert Ruiz","- - -","29","19610"
"Alcides Escobar","WSN","75","6310"
"Daniel Vogelbach","MIL","93","14130"
"Josh Harrison","- - -","138","8202"
"Donovan Solano","SFG","101","8623"
"Adam Duvall","- - -","146","10950"
"Jonathan Schoop","DET","156","11265"
"Jorge Soler","- - -","149","14221"
"Jake Fraley","SEA","78","19260"
"Dansby Swanson","ATL","160","18314"
"Nick Ciuffo","BAL","2","16291"
"Omar Narvaez","MIL","123","13338"
"Daulton Varsho","ARI","95","19918"
"Ben Gamel","- - -","122","12160"
"Edmundo Sosa","STL","113","17022"
"Michael Conforto","NYM","125","16376"
"Luis Arraez","MIN","121","18568"
"Austin Slater","SFG","129","16153"
"Abraham Almonte","ATL","64","5486"
"Yadiel Hernandez","WSN","112","19334"
"Trent Grisham","SDP","132","18564"
"Austin Dean","STL","22","18288"
"Kyle Lewis","SEA","36","19508"
"Francisco Mejia","TBR","84","16403"
"Jonathan Villar","NYM","142","10071"
"Eric Hosmer","SDP","151","3516"
"Ryan Zimmerman","WSN","110","4220"
"Lorenzo Cain","MIL","78","9077"
"Jace Peterson","MIL","94","12325"
"Tommy Pham","SDP","155","2967"
"Pavin Smith","ARI","145","19892"
"Sam Hilliard","COL","81","17954"
"Colin Moran","PIT","99","16909"
"Yermin Mercedes","CHW","68","17423"
"Corey Dickerson","- - -","109","10762"
"Eloy Jimenez","CHW","55","17484"
"Joey Wendle","TBR","136","13853"
"Francisco Lindor","NYM","125","12916"
"Ehire Adrianza","ATL","109","8418"
"Jose Rondon","STL","63","14140"
"Eric Haase","DET","98","14111"
"Lars Nootbaar","STL","58","21454"
"Eddie Rosario","- - -","111","12155"
"Kyle Farmer","CIN","147","14813"
"Austin Nola","SDP","56","15941"
"Amed Rosario","CLE","141","15518"
"Joc Pederson","- - -","137","11899"
"Jake McCarthy","ARI","24","21622"
"Manny Pina","MIL","75","2829"
"DJ LeMahieu","NYY","150","9874"
"Seth Brown","OAK","111","18171"
"Bobby Bradley","CLE","74","17278"
"Gary Sanchez","NYY","117","11442"
"Brian Anderson","MIA","67","18289"
"Kyle Garlick","MIN","36","18063"
"Adolis Garcia","TEX","149","19287"
"David Peralta","ARI","150","2136"
"J.P. Crawford","SEA","160","15491"
"Jon Jay","LAA","5","5227"
"Alex Dickerson","SFG","111","12649"
"Brett Phillips","TBR","119","14735"
"Jazz Chisholm Jr.","MIA","124","20454"
"Travis Jankowski","PHI","76","13768"
"Odubel Herrera","PHI","124","11476"
"Leury Garcia","CHW","126","5913"
"Jacob Stallings","PIT","112","13723"
"Wilmer Difo","PIT","116","14320"
"Matt Chapman","OAK","151","16505"
"Miguel Rojas","MIA","132","7802"
"Jed Lowrie","OAK","139","4418"
"Luis Torrens","SEA","108","15905"
"Alex Avila","WSN","34","7476"
"Myles Straw","- - -","158","17620"
"Aledmys Diaz","HOU","84","15937"
"Luis Guillorme","NYM","69","16451"
"Kevin Kiermaier","TBR","122","11038"
"Anthony Rendon","LAA","58","12861"
"Anthony Alford","PIT","49","14329"
"D.J. Stewart","BAL","100","17766"
"Nick Maton","PHI","52","21635"
"Sean Murphy","OAK","119","19352"
"Gio Urshela","NYY","116","10681"
"Max Kepler","MIN","121","12144"
"Starlin Castro","WSN","87","4579"
"Yan Gomes","- - -","103","9627"
"Kyle Seager","SEA","159","9785"
"Deven Marrero","MIA","10","13325"
"Michael Hermosillo","CHC","16","16285"
"Tommy La Stella","SFG","76","12371"
"Chad Pinder","OAK","75","15191"
"Gleyber Torres","NYY","127","16997"
"Anthony Santander","BAL","110","14551"
"Alex Kirilloff","MIN","59","20325"
"Andrew Vaughn","CHW","127","26197"
"Whit Merrifield","KCR","162","11281"
"Adalberto Mondesi","KCR","35","13769"
"Eugenio Suarez","CIN","145","12552"
"Brian Goodwin","CHW","72","12858"
"Derek Fisher","MIL","4","16192"
"Rowdy Tellez","- - -","106","15679"
"Derek Hill","DET","49","16947"
"Freddy Galvis","- - -","104","6609"
"Brett Gardner","NYY","140","9927"
"Justin Upton","LAA","89","5222"
"Miguel Cabrera","DET","130","1744"
"Raimel Tapia","COL","133","14350"
"Tyler Wade","NYY","103","15730"
"Jose Iglesias","- - -","137","10231"
"Christian Walker","ARI","115","13419"
"Yonathan Daza","COL","107","15794"
"William Contreras","ATL","52","20503"
"Gavin Lux","LAD","102","19955"
"Pablo Reyes","MIL","53","16357"
"Abraham Toro","- - -","95","19844"
"Aristides Aquino","CIN","84","15482"
"Jo Adell","LAA","35","20220"
"Albert Pujols","- - -","109","1177"
"Harold Ramirez","CLE","99","14387"
"Josh Naylor","CLE","69","18839"
"Cesar Hernandez","- - -","149","10556"
"Yoshi Tsutsugo","- - -","81","27459"
"Ke'Bryan Hayes","PIT","96","18577"
"Willie Calhoun","TEX","75","17838"
"Manuel Margot","TBR","125","14712"
"Tommy Edman","STL","159","19470"
"Edward Olivares","KCR","39","19698"
"Brent Rooker","MIN","58","19627"
"Jeff McNeil","NYM","120","15362"
"Zack Collins","CHW","78","19181"
"Trevor Larnach","MIN","79","21501"
"Tucker Barnhart","CIN","116","10200"
"Yohel Pozo","TEX","21","18848"
"Randal Grichuk","TOR","149","10243"
"Mitch Moreland","OAK","81","3086"
"Bradley Zimmer","CLE","99","16221"
"Pedro Severino","BAL","113","14523"
"Nick Solak","TEX","127","19294"
"Victor Reyes","DET","76","15487"
"Cavan Biggio","TOR","79","19252"
"Jake Lamb","- - -","55","13329"
"Phil Gosselin","LAA","104","10953"
"Asdrubal Cabrera","- - -","110","4962"
"Kevin Pillar","NYM","124","12434"
"Hanser Alberto","KCR","103","11902"
"Brandon Marsh","LAA","70","20202"
"Rob Refsnyder","MIN","51","13770"
"Jordy Mercer","WSN","46","6547"
"Dom Nunez","COL","81","15055"
"Yu Chang","CLE","89","14773"
"Carlos Santana","KCR","158","2396"
"Oscar Mercado","CLE","72","16375"
"Breyvic Valera","TOR","39","12758"
"Paul DeJong","STL","113","18015"
"Jurickson Profar","SDP","137","10815"
"Grayson Greiner","DET","31","17062"
"JT Riddle","MIN","4","17642"
"Joey Bart","SFG","2","21524"
"Hunter Dozier","KCR","144","15117"
"Isiah Kiner-Falefa","TEX","158","16512"
"Kole Calhoun","ARI","51","11200"
"Guillermo Heredia","ATL","120","18721"
"Charlie Culberson","TEX","91","3298"
"Jose Rojas","LAA","61","19331"
"Luis Garcia","WSN","70","20391"
"Travis d'Arnaud","ATL","60","7739"
"Jorge Mateo","- - -","89","17273"
"Harold Castro","DET","106","14691"
"Tom Murphy","SEA","97","13499"
"Dominic Smith","NYM","145","15653"
"Pablo Sandoval","ATL","69","5409"
"Yadier Molina","STL","121","7007"
"Rougned Odor","NYY","102","12282"
"Ryan Jeffers","MIN","85","24618"
"Clint Frazier","NYY","66","15983"
"Christian Vazquez","BOS","138","9774"
"Curt Casali","SFG","77","12510"
"Emmanuel Rivera","KCR","29","19890"
"Travis Shaw","- - -","84","11982"
"Reese McGuire","TOR","78","15674"
"Rene Rivera","- - -","25","3648"
"Garrett Hampson","COL","147","19262"
"Lewin Diaz","MIA","40","18365"
"Miguel Andujar","NYY","45","15878"
"Renato Nunez","DET","14","14503"
"Jake Marisnick","- - -","99","11339"
"Nick Martini","CHC","25","12005"
"Josh VanMeter","ARI","112","15170"
"Nick Senzel","CIN","36","19293"
"Niko Goodrum","DET","90","12092"
"Payton Henry","MIA","5","22164"
"Michael A. Taylor","KCR","142","11489"
"Webster Rivas","SDP","24","14636"
"Alec Bohm","PHI","115","21618"
"Austin Barnes","LAD","77","12158"
"Jack Mayfield","- - -","87","15402"
"Marcell Ozuna","ATL","48","10324"
"Mike Moustakas","CIN","62","4892"
"Luke Williams","PHI","58","19931"
"Taylor Jones","HOU","35","19533"
"Nick Gordon","MIN","73","16337"
"Josh Reddick","ARI","54","3892"
"Zach McKinstry","LAD","60","19392"
"Jon Berti","MIA","85","12037"
"Cole Tucker","PIT","43","17326"
"Gerardo Parra","WSN","53","8553"
"Kurt Suzuki","LAA","72","8259"
"Jonathan Arauz","BOS","28","20275"
"Rodolfo Castro","PIT","31","21987"
"James McCann","NYM","121","12859"
"Daz Cameron","DET","35","18353"
"Jose Peraza","NYM","64","13593"
"Aaron Hicks","NYY","32","5297"
"Hoy Park","- - -","45","18027"
"Taylor Walls","TBR","54","22458"
"Sergio Alcantara","CHC","89","16417"
"Stephen Piscotty","OAK","72","13367"
"Phillip Evans","PIT","76","12950"
"Mauricio Dubon","SFG","74","16530"
"Eric Campbell","SEA","4","6938"
"Michael Chavis","- - -","43","17321"
"Andres Gimenez","CLE","68","19950"
"Eddy Alvarez","MIA","24","16959"
"Billy McKinney","- - -","116","15654"
"Rafael Marchan","PHI","20","21646"
"Cam Gallagher","KCR","48","12981"
"John Andreoli","SDP","7","13012"
"Andrew Stevenson","WSN","109","17932"
"Jose Devers","MIA","21","20540"
"Carter Kieboom","WSN","62","19958"
"Gregory Polanco","PIT","107","12907"
"Wilson Ramos","- - -","44","1433"
"Johneshwy Fargas","- - -","22","16446"
"Roman Quinn","PHI","28","13546"
"Didi Gregorius","PHI","103","6012"
"Lewis Brinson","MIA","89","14352"
"Ernie Clement","CLE","40","20352"
"Jason Heyward","CHC","104","4940"
"Daniel Johnson","CLE","30","19643"
"Ryan O'Hearn","KCR","84","16442"
"Juan Lagares","LAA","112","5384"
"Isaac Paredes","DET","23","20036"
"Khris Davis","- - -","42","9112"
"Ronald Torreyes","PHI","112","11400"
"Victor Robles","WSN","107","18363"
"Jorge Alfaro","MIA","92","12180"
"Ryan Lavarnway","CLE","9","8879"
"Victor Caratini","SDP","116","14968"
"David Fletcher","LAA","157","17992"
"John Nogowski","- - -","52","16852"
"Willians Astudillo","MIN","73","15608"
"DJ Peters","- - -","70","19348"
"Erick Castillo","CHC","4","12990"
"Ryan McBroom","KCR","7","16524"
"Kyle Higashioka","NYY","67","5517"
"Dylan Moore","SEA","126","18042"
"Jose Barrero","CIN","21","23378"
"Adrian Sanchez","WSN","16","11338"
"Adam Eaton","- - -","84","11205"
"Willi Castro","DET","125","17338"
"Alex Blandino","CIN","43","16271"
"Kelvin Gutierrez","- - -","85","17468"
"Jarred Kelenic","SEA","93","22558"
"Mason Williams","NYM","17","11859"
"Ha-seong Kim","SDP","117","27506"
"Stephen Vogt","- - -","78","5000"
"Elvis Andrus","OAK","146","8709"
"Taylor Trammell","SEA","51","19960"
"Nick Ahmed","ARI","129","12147"
"Matt Carpenter","STL","130","8090"
"Shed Long Jr.","SEA","34","16542"
"Mike Brosseau","TBR","57","19683"
"Danny Mendick","CHW","71","18889"
"David Bote","CHC","97","14593"
"Romy Gonzalez","CHW","10","21562"
"Donovan Walton","SEA","24","19314"
"Seby Zavala","CHW","37","18887"
"Brian O'Grady","SDP","32","16729"
"Yonny Hernandez","TEX","43","19432"
"Daniel Robertson","MIL","50","14145"
"Nomar Mazara","DET","50","14553"
"Jacob Nottingham","- - -","15","16448"
"Maikel Franco","BAL","104","12179"
"Billy Hamilton","CHW","71","10199"
"Ronnie Dawson","HOU","3","19710"
"Ender Inciarte","ATL","52","4922"
"Jose Trevino","TEX","89","16725"
"Danny Santana","BOS","38","10322"
"Jason Vosler","SFG","41","16686"
"Joshua Fuentes","COL","95","16885"
"Jason Martin","TEX","58","16429"
"Mike Tauchman","- - -","75","15274"
"Eric Sogard","CHC","78","7927"
"Marwin Gonzalez","- - -","91","5497"
"Taylor Motter","- - -","16","12399"
"Brock Holt","TEX","77","9345"
"Ryan McKenna","BAL","90","19928"
"Chadwick Tromp","SFG","9","16953"
"Martin Maldonado","HOU","125","6887"
"Jake Bauers","- - -","115","15194"
"Jose Marmolejos","SEA","41","15767"
"Jonah Heim","TEX","82","16930"
"Tomas Nido","NYM","58","13755"
"Mike Ford","NYY","22","15585"
"Eli White","TEX","64","19346"
"Isan Diaz","MIA","89","17922"
"Travis Blankenhorn","- - -","24","18395"
"Andrew Velazquez","NYY","28","14196"
"Andrelton Simmons","MIN","131","10847"
"Roberto Perez","CLE","44","2900"
"Will Craig","PIT","18","19267"
"Keston Hiura","MIL","61","20003"
"Kevin Newman","PIT","148","17696"
"Jarren Duran","BOS","33","24617"
"David Dahl","TEX","63","13744"
"Richie Martin","BAL","37","17736"
"Alan Trejo","COL","28","20056"
"Orlando Arcia","- - -","36","13185"
"Joe Panik","- - -","95","11936"
"Erik Gonzalez","PIT","71","13369"
"Henry Ramos","ARI","18","11481"
"Aramis Garcia","OAK","32","16925"
"Luis Rengifo","LAA","54","19858"
"Shogo Akiyama","CIN","88","27461"
"Jarrod Dyson","- - -","102","4866"
"Dexter Fowler","LAA","7","4062"
"Steven Souza Jr.","LAD","17","5667"
"Owen Miller","CLE","60","24655"
"Jake Cave","MIN","76","14477"
"Brian Miller","MIA","5","20047"
"Sam Haggerty","SEA","35","18054"
"Magneuris Sierra","MIA","123","17023"
"Bryan Holaday","ARI","13","11287"
"Ka'ai Tom","- - -","48","18136"
"Pat Valaika","BAL","91","14885"
"Andrew Knizner","STL","63","19514"
"Tim Locastro","- - -","64","15124"
"Cody Bellinger","LAD","95","15998"
"Austin Romine","CHC","28","5491"
"Austin Wynns","BAL","45","15271"
"Josh Palacios","TOR","13","19818"
"Luke Raley","LAD","33","19354"
"Tucupita Marcano","SDP","25","22871"
"Rio Ruiz","- - -","62","14103"
"Cal Raleigh","SEA","47","21534"
"Corey Ray","MIL","1","19170"
"Drew Ellis","ARI","28","19873"
"Zack Short","DET","61","19562"
"Alejo Lopez","CIN","14","21127"
"Justin Williams","STL","51","15490"
"Patrick Mazeika","NYM","37","18142"
"Austin Hedges","CLE","88","12976"
"Ben Rortvedt","MIN","39","20287"
"Jack Lopez","BOS","7","13663"
"Alex Jackson","- - -","52","17276"
"Scott Heineman","CIN","19","14453"
"Sandy Leon","MIA","84","5273"
"Michael Perez","PIT","70","12977"
"Luis Marte","MIA","4","14515"
"Jackie Bradley Jr.","MIL","134","12984"
"Chad Wallach","MIA","23","17161"
"Andrew Romine","CHC","26","1159"
"Franchy Cordero","BOS","48","14567"
"Sebastian Rivero","KCR","17","21735"
"Braden Bishop","SEA","8","17806"
"Luis Barrera","OAK","6","19615"
"Matt Joyce","PHI","43","3353"
"Wyatt Mathisen","ARI","23","14555"
"Jay Bruce","NYY","10","9892"
"Chris Gittens","NYY","16","18482"
"Colton Welker","COL","19","19961"
"Sheldon Neuse","LAD","33","19635"
"Anthony Bemboom","LAA","8","13854"
"Monte Harrison","MIA","9","17216"
"Tony Wolters","CHC","14","11470"
"Jonathan Davis","- - -","64","15104"
"Leody Taveras","TEX","49","18900"
"Jacob Wilson","- - -","12","13254"
"Stuart Fairchild","ARI","12","20321"
"Mike Freeman","CIN","37","11241"
"Chance Sisco","- - -","28","15694"
"Garrett Stubbs","HOU","18","18067"
"Wilfredo Tovar","NYM","6","10416"
"Mark Payton","CIN","24","16042"
"JaCoby Jones","DET","36","14818"
"Dustin Fowler","PIT","18","17098"
"Gilberto Celestino","MIN","23","20233"
"Matt Adams","COL","22","9393"
"Evan White","SEA","30","20078"
"Jared Oliva","PIT","20","19968"
"Andrew Knapp","PHI","62","14942"
"Matt Thaiss","LAA","3","19318"
"Kevan Smith","- - -","33","12284"
"Robel Garcia","HOU","47","13167"
"Jose Godoy","SEA","16","15808"
"Ildemaro Vargas","- - -","34","13324"
"Stevie Wilkerson","BAL","31","16041"
"Kean Wong","LAA","32","15994"
"Jahmai Jones","BAL","26","18872"
"Adam Haseley","PHI","9","19878"
"Kevin Smith","TOR","18","20242"
"Edwin Rios","LAD","25","18316"
"Jake Hager","- - -","14","12198"
"Nick Heath","ARI","20","19577"
"Rob Brantly","NYY","6","10655"
"Troy Stokes Jr.","PIT","8","17478"
"Kevin Padlo","- - -","10","16593"
"Domingo Leyba","- - -","34","16404"
"Nick Williams","CHW","4","14330"
"Todd Frazier","PIT","13","785"
"Scott Schebler","LAA","14","12225"
"Vimael Machin","OAK","15","17684"
"Ronald Guzman","TEX","7","14388"
"Cristian Pache","ATL","22","19948"
"Mickey Moniak","PHI","21","19956"
"Hunter Owen","PIT","3","20034"
"Albert Almora Jr.","NYM","47","14109"
"Tim Lopes","MIL","7","14137"
"Luis Campusano","SDP","11","22217"
"Jaylin Davis","SFG","5","19552"
"Greg Deichmann","CHC","14","19872"
"Trent Giambrone","CHC","5","19250"
"Cameron Maybin","NYM","9","5223"
"Curtis Terry","TEX","13","18881"
"Pete Kozma","OAK","3","2539"
"Jorge Bonifacio","PHI","7","12174"
"Skye Bolt","- - -","34","17723"
"Hernan Perez","WSN","10","5751"
"Jose Lobaton","CHC","6","4243"
"Ryan Vilade","COL","3","22165"
"Ryan Dorow","TEX","3","23559"
"Dillon Thomas","SEA","4","12719"
"Anderson Tejeda","TEX","5","19909"
"Drew Butera","LAA","12","3411"
"P.J. Higgins","CHC","9","18433"
"Yairo Munoz","BOS","5","16313"
"Johan Camargo","ATL","15","14950"
"Khalil Lee","NYM","11","19952"
"Vidal Brujan","TBR","10","20536"
"Max Moroff","STL","6","14556"
"Scott Kingery","PHI","15","17975"
"Tyler Ladendorf","CHC","1","3211"
"Jeff Mathis","ATL","3","3448"
"Sean Kazmar jr.","ATL","3","7349"
"Jared Hoying","TOR","2","10882"
"Humberto Arteaga","WSN","1","13595"
"Tzu-Wei Lin","MIN","1","14678"
"Joseph Odom","TBR","2","15535"
"Taylor Gushue","CHC","2","16098"
"Trey Amburgey","NYY","2","18425"
"Jacob Robson","DET","4","19528"
"Otto Lopez","TOR","1","19608"
"Jack Kruger","LAA","1","19634"
"Zach Reks","LAD","6","19667"
"Scott Hurst","STL","7","20501"
"Tyler Payne","CHC","1","21139"
"Cody Wilson","WSN","1","24671"
